Sub-Category,Region,Year,Quarter,Sales,Quantity,Quarterly Growth
Accessories,Central,2014,1,642.394,14,
Accessories,Central,2014,2,417.72,11,-0.3497448606307032
Accessories,Central,2014,3,1452.978,48,2.4783539212869865
Accessories,Central,2014,4,1925.8780000000002,66,0.32546948405275233
Accessories,Central,2015,1,1339.512,29,-0.3044668457711237
Accessories,Central,2015,2,844.78,30,-0.3693374900710109
Accessories,Central,2015,3,1431.256,22,0.694235185492081
Accessories,Central,2015,4,4179.68,67,1.9202881944250363
Accessories,Central,2016,1,1598.79,24,-0.6174850706274164
Accessories,Central,2016,2,1171.356,34,-0.26734843225189053
Accessories,Central,2016,3,4266.324,67,2.642209541761855
Accessories,Central,2016,4,3765.744,80,-0.11733286079538252
Accessories,Central,2017,1,1390.082,37,-0.6308612587578974
Accessories,Central,2017,2,1156.144,31,-0.16829079147848836
Accessories,Central,2017,3,5062.804,78,3.3790427490001242
Accessories,Central,2017,4,3310.634,78,-0.34608687201795685
Accessories,East,2014,1,746.53,13,
Accessories,East,2014,2,459.108,11,-0.38501064927062545
Accessories,East,2014,3,1602.166,36,2.4897366197060387
Accessories,East,2014,4,3245.964,43,1.025984823045802
Accessories,East,2015,1,333.902,15,-0.897133178310049
Accessories,East,2015,2,600.256,11,0.7977011218860623
Accessories,East,2015,3,6512.69,69,9.849854062266767
Accessories,East,2015,4,10464.588,75,0.6067996480716877
Accessories,East,2016,1,1797.698,33,-0.8282112969951612
Accessories,East,2016,2,1483.528,38,-0.1747623905683825
Accessories,East,2016,3,1188.764,26,-0.19869122793772687
Accessories,East,2016,4,1761.388,51,0.4816969558297526
Accessories,East,2017,1,2507.29,41,0.4234739875598108
Accessories,East,2017,2,2091.058,63,-0.16600871857663058
Accessories,East,2017,3,6481.808,116,2.0997743725903346
Accessories,East,2017,4,3756.634,83,-0.42043423686724446
Accessories,South,2014,1,1234.34,18,
Accessories,South,2014,2,1091.65,19,-0.1156002398042677
Accessories,South,2014,3,1494.4279999999999,40,0.36896257958136736
Accessories,South,2014,4,1774.8719999999998,33,0.1876597601222676
Accessories,South,2015,1,477.934,8,-0.7307219900928066
Accessories,South,2015,2,895.3439999999999,36,0.8733632677315275
Accessories,South,2015,3,2342.0280000000002,54,1.6157856645043696
Accessories,South,2015,4,426.228,30,-0.8180090075780477
Accessories,South,2016,1,727.448,17,0.7067109622080201
Accessories,South,2016,2,3424.096,40,3.706997613575129
Accessories,South,2016,3,2137.404,27,-0.37577567918656485
Accessories,South,2016,4,3090.896,40,0.44609816394093027
Accessories,South,2017,1,353.22,6,-0.8857224571774657
Accessories,South,2017,2,1535.104,31,3.3460279712360563
Accessories,South,2017,3,1337.388,35,-0.1287964854498458
Accessories,South,2017,4,4934.374,70,2.689560546378463
Accessories,West,2014,1,434.54999999999995,22,
Accessories,West,2014,2,1940.042,44,3.4644850995282477
Accessories,West,2014,3,3156.412,81,0.626981271539482
Accessories,West,2014,4,3395.2400000000002,81,0.07566439362161859
Accessories,West,2015,1,998.38,16,-0.7059471495387661
Accessories,West,2015,2,2259.868,26,1.2635349265810611
Accessories,West,2015,3,1687.91,40,-0.2530935435167009
Accessories,West,2015,4,5729.604,107,2.3944961520460213
Accessories,West,2016,1,766.99,22,-0.8661356002962858
Accessories,West,2016,2,1143.578,31,0.49099466746632947
Accessories,West,2016,3,4852.92,38,3.2436283314299503
Accessories,West,2016,4,8718.93,114,0.7966358398654831
Accessories,West,2017,1,4264.76,62,-0.5108619979745221
Accessories,West,2017,2,5959.56,93,0.3973963364878681
Accessories,West,2017,3,9395.636,89,0.5765653840216391
Accessories,West,2017,4,6409.736,166,-0.3177964748740799
Appliances,Central,2014,1,526.2280000000001,11,
Appliances,Central,2014,2,2116.27,18,3.0215838001778694
Appliances,Central,2014,3,470.02099999999996,20,-0.7779012129832205
Appliances,Central,2014,4,546.686,33,0.163109733394891
Appliances,Central,2015,1,241.67,12,-0.5579363656651168
Appliances,Central,2015,2,2712.234,43,10.222882443000787
Appliances,Central,2015,3,87.184,8,-0.9678552809234011
Appliances,Central,2015,4,1933.421,43,21.176328225362454
Appliances,Central,2016,1,791.862,21,-0.5904347785609032
Appliances,Central,2016,2,616.298,20,-0.2217103485203229
Appliances,Central,2016,3,1330.5059999999999,22,1.158867950244849
Appliances,Central,2016,4,3276.3450000000003,37,1.4624804397725382
Appliances,Central,2017,1,260.874,33,-0.920376517125028
Appliances,Central,2017,2,4168.912,37,14.980557663853048
Appliances,Central,2017,3,1675.968,52,-0.5979843182106026
Appliances,Central,2017,4,2827.554,60,0.6871169377935618
Appliances,East,2014,2,904.992,29,
Appliances,East,2014,3,1969.23,37,1.1759639864219795
Appliances,East,2014,4,2904.98,35,0.47518573249442686
Appliances,East,2015,1,43.542,11,-0.9850112565318866
Appliances,East,2015,2,1328.714,32,29.51568600431767
Appliances,East,2015,3,872.97,29,-0.34299631071848413
Appliances,East,2015,4,4446.026,26,4.0929883042945345
Appliances,East,2016,1,1072.83,6,-0.7586991169192443
Appliances,East,2016,2,2335.872,33,1.177299292525377
Appliances,East,2016,3,3603.158,44,0.5425322962902077
Appliances,East,2016,4,2414.722,36,-0.32983177534818064
Appliances,East,2017,1,2999.3140000000003,17,0.24209494923225128
Appliances,East,2017,2,882.2239999999999,27,-0.7058580728793318
Appliances,East,2017,3,865.4320000000001,22,-0.01903371479352156
Appliances,East,2017,4,7544.46,90,7.717565331533846
Appliances,South,2014,1,179.43,6,
Appliances,South,2014,2,154.9,5,-0.13671069497854316
Appliances,South,2014,3,675.4639999999999,28,3.3606455777921234
Appliances,South,2014,4,1109.928,17,0.6432082242725004
Appliances,South,2015,1,1132.512,9,0.02034726576859014
Appliances,South,2015,3,568.8000000000001,6,-0.49775366618631844
Appliances,South,2015,4,2149.0280000000002,32,2.7781786216596345
Appliances,South,2016,1,1096.984,9,-0.4895441101744603
Appliances,South,2016,2,412.08,5,-0.6243518592796249
Appliances,South,2016,3,1007.1959999999999,19,1.4441758881770528
Appliances,South,2016,4,3091.21,20,2.069124579525733
Appliances,South,2017,1,2341.908,24,-0.24239763717120488
Appliances,South,2017,2,582.276,33,-0.7513668342223521
Appliances,South,2017,3,2072.87,41,2.559944081500869
Appliances,South,2017,4,2950.74,39,0.4235046095510089
Appliances,West,2014,1,199.80399999999997,8,
Appliances,West,2014,2,550.26,14,1.753998918940562
Appliances,West,2014,3,1477.042,22,1.6842619852433396
Appliances,West,2014,4,1528.3899999999999,31,0.03476407576764906
Appliances,West,2015,1,702.08,16,-0.5406408050301297
Appliances,West,2015,2,2569.7780000000002,30,2.6602353008204194
Appliances,West,2015,3,1792.634,25,-0.302416784640541
Appliances,West,2015,4,2660.696,43,0.4842382773059084
Appliances,West,2016,1,312.82,10,-0.8824292591111499
Appliances,West,2016,2,963.196,30,2.079074227990538
Appliances,West,2016,3,1820.9279999999999,35,0.8905061898097582
Appliances,West,2016,4,1904.308,49,0.045789839027133405
Appliances,West,2017,1,2941.0,44,0.544393028858777
Appliances,West,2017,2,749.19,23,-0.7452601156069364
Appliances,West,2017,3,6788.538,62,8.061170063668762
Appliances,West,2017,4,3275.672,50,-0.5174701828287622
Art,Central,2014,1,147.88,29,
Art,Central,2014,2,259.246,27,0.7530835812821206
Art,Central,2014,3,86.152,19,-0.6676824329015684
Art,Central,2014,4,328.676,31,2.815071037236512
Art,Central,2015,1,172.644,13,-0.4747289123635434
Art,Central,2015,2,365.976,32,1.1198304024466532
Art,Central,2015,3,234.356,28,-0.3596410693597395
Art,Central,2015,4,359.18399999999997,43,0.5326426462305209
Art,Central,2016,1,174.18,16,-0.515067486302285
Art,Central,2016,2,226.428,46,0.29996555287633475
Art,Central,2016,3,753.9399999999999,46,2.3297118730899005
Art,Central,2016,4,365.402,63,-0.515343396026209
Art,Central,2017,1,665.624,54,0.8216211186583544
Art,Central,2017,2,320.67199999999997,49,-0.5182385250531832
Art,Central,2017,3,309.632,51,-0.03442770182616495
Art,Central,2017,4,995.348,131,2.2146160603555187
Art,East,2014,1,172.118,25,
Art,East,2014,2,515.924,61,1.9975017139404363
Art,East,2014,3,326.776,58,-0.36661988975120363
Art,East,2014,4,275.384,21,-0.15726981173648003
Art,East,2015,1,426.782,31,0.5497705022804518
Art,East,2015,2,425.01,36,-0.004152002661780507
Art,East,2015,3,445.852,56,0.04903884614479659
Art,East,2015,4,409.722,64,-0.08103585943317515
Art,East,2016,1,263.522,29,-0.3568273121775253
Art,East,2016,2,748.0600000000001,70,1.8387003741623094
Art,East,2016,3,306.512,57,-0.5902574659786648
Art,East,2016,4,564.472,59,0.8415983713525081
Art,East,2017,1,176.872,29,-0.6866593914312844
Art,East,2017,2,394.956,55,1.2330046587362613
Art,East,2017,3,1244.9759999999999,112,2.1521891046091204
Art,East,2017,4,788.826,86,-0.3663926051586536
Art,South,2014,1,104.226,31,
Art,South,2014,2,295.078,38,1.8311361848291212
Art,South,2014,3,55.144,10,-0.8131205986213814
Art,South,2014,4,111.684,30,1.0253155375018133
Art,South,2015,1,92.08,17,-0.17553096235808174
Art,South,2015,2,486.278,31,4.28103822762815
Art,South,2015,3,266.672,31,-0.4516058715385026
Art,South,2015,4,517.288,45,0.9397912041759164
Art,South,2016,1,317.044,12,-0.3871035090703825
Art,South,2016,2,394.186,36,0.2433163851074298
Art,South,2016,3,540.1120000000001,46,0.37019579589330953
Art,South,2016,4,186.928,38,-0.6539088189116332
Art,South,2017,1,15.47,7,-0.917240862792091
Art,South,2017,2,423.682,47,26.38733031674208
Art,South,2017,3,427.428,48,0.00884153681298705
Art,South,2017,4,422.322,80,-0.011945871585389845
Art,West,2014,1,239.698,37,
Art,West,2014,2,472.0,66,0.9691445068377709
Art,West,2014,3,751.49,55,0.5921398305084746
Art,West,2014,4,1916.5059999999999,75,1.5502747874223206
Art,West,2015,1,8.688,4,-0.9954667504302099
Art,West,2015,2,290.608,33,32.44935543278085
Art,West,2015,3,809.938,60,1.7870464680944775
Art,West,2015,4,925.756,84,0.14299613056801874
Art,West,2016,1,91.25,4,-0.9014319107842671
Art,West,2016,2,99.5,17,0.09041095890410955
Art,West,2016,3,269.128,53,1.7048040201005024
Art,West,2016,4,660.244,86,1.4532713058470321
Art,West,2017,1,265.78,67,-0.5974518511338234
Art,West,2017,2,1138.082,103,3.2820453006245778
Art,West,2017,3,588.336,75,-0.4830460371045321
Art,West,2017,4,685.062,107,0.1644060536836094
Binders,Central,2014,1,236.614,57,
Binders,Central,2014,2,539.362,53,1.2795016355752407
Binders,Central,2014,3,12565.570000000002,87,22.29709916531013
Binders,Central,2014,4,2457.128,89,-0.8044555081862582
Binders,Central,2015,1,105.75,26,-0.9569619490722502
Binders,Central,2015,2,4855.888,69,44.918562647754136
Binders,Central,2015,3,257.19599999999997,67,-0.9470341984823373
Binders,Central,2015,4,644.338,118,1.5052411390534846
Binders,Central,2016,1,359.748,44,-0.44167812545589424
Binders,Central,2016,2,1201.182,41,2.3389539344207613
Binders,Central,2016,3,853.488,96,-0.289459882016214
Binders,Central,2016,4,11498.878,109,12.472805710215024
Binders,Central,2017,1,8157.824,88,-0.29055478282315894
Binders,Central,2017,2,2132.114,116,-0.7386418240942683
Binders,Central,2017,3,3904.4420000000005,149,0.8312538635363778
Binders,Central,2017,4,6742.798,177,0.7269556059483018
Binders,East,2014,1,223.59,19,
Binders,East,2014,2,1931.84,99,7.640100183371349
Binders,East,2014,3,811.268,84,-0.5800542487990723
Binders,East,2014,4,3327.6749999999997,120,3.10181962064324
Binders,East,2015,1,4491.266,38,0.34967086629553656
Binders,East,2015,2,4567.466,47,0.01696626296460746
Binders,East,2015,3,3281.205,146,-0.28161370002535324
Binders,East,2015,4,1430.599,95,-0.5640019444076185
Binders,East,2016,1,1371.808,55,-0.041095373336623275
Binders,East,2016,2,1574.1599999999999,95,0.1475075229186591
Binders,East,2016,3,9607.16,144,5.1030390811607464
Binders,East,2016,4,6170.881,154,-0.3576789602754612
Binders,East,2017,1,595.577,34,-0.903485904200713
Binders,East,2017,2,1654.504,99,1.7779850464339622
Binders,East,2017,3,7838.808,127,3.7378598057182097
Binders,East,2017,4,3756.3360000000002,183,-0.5208026526482088
Binders,South,2014,1,876.2090000000001,37,
Binders,South,2014,2,3318.877,31,2.7877686716297134
Binders,South,2014,3,3294.188,41,-0.007438962034447161
Binders,South,2014,4,607.702,41,-0.8155229756164494
Binders,South,2015,1,6426.513,12,9.575105890716173
Binders,South,2015,2,1123.073,61,-0.8252437986198736
Binders,South,2015,3,1703.705,56,0.5170029018594515
Binders,South,2015,4,4172.5599999999995,111,1.4491094408949903
Binders,South,2016,1,1539.546,39,-0.6310308299940564
Binders,South,2016,2,995.747,62,-0.3532203649647364
Binders,South,2016,3,620.0409999999999,85,-0.3773107024173812
Binders,South,2016,4,857.438,77,0.38287306807130506
Binders,South,2017,1,593.73,69,-0.30755343243476496
Binders,South,2017,2,3302.8849999999998,67,4.562941067488588
Binders,South,2017,3,4550.35,44,0.37768950478142616
Binders,South,2017,4,2319.9390000000003,98,-0.49016251497137575
Binders,West,2014,1,1155.244,39,
Binders,West,2014,2,3735.3260000000005,52,2.233365418907175
Binders,West,2014,3,3003.217,99,-0.19599601212852646
Binders,West,2014,4,4782.811,88,0.5925625753983144
Binders,West,2015,1,211.058,26,-0.9558715575422069
Binders,West,2015,2,578.15,54,1.7392944119625886
Binders,West,2015,3,741.82,94,0.28309262302170723
Binders,West,2015,4,2102.578,125,1.834350651101345
Binders,West,2016,1,270.891,41,-0.871162449145763
Binders,West,2016,2,792.736,117,1.9264021322229232
Binders,West,2016,3,1391.552,120,0.7553788398659831
Binders,West,2016,4,9729.818,241,5.9920621004461205
Binders,West,2017,1,3358.0099999999998,104,-0.6548743255012581
Binders,West,2017,2,3024.464,98,-0.09932847132676792
Binders,West,2017,3,10740.535,182,2.5512193234900464
Binders,West,2017,4,8838.541,278,-0.17708559210504882
Bookcases,Central,2014,1,141.96,2,
Bookcases,Central,2014,2,406.00559999999996,7,1.8599999999999994
Bookcases,Central,2014,3,793.9628,7,0.9555464259606274
Bookcases,Central,2014,4,492.1092,7,-0.3801860742090184
Bookcases,Central,2015,1,3835.8596,25,6.794732551230499
Bookcases,Central,2015,3,2549.2932,21,-0.33540497676192316
Bookcases,Central,2015,4,1912.5692,12,-0.2497649152321907
Bookcases,Central,2016,1,1807.212,11,-0.05508673882231285
Bookcases,Central,2016,3,3950.0072,19,1.1856911087354445
Bookcases,Central,2016,4,2627.7208,28,-0.33475544044577943
Bookcases,Central,2017,1,1530.6712,11,-0.41749092978218993
Bookcases,Central,2017,2,1458.396,15,-0.047217978622711376
Bookcases,Central,2017,3,1250.5059999999999,13,-0.14254701740816633
Bookcases,Central,2017,4,1400.904,14,0.12026971481944115
Bookcases,East,2014,1,364.40999999999997,9,
Bookcases,East,2014,2,703.5329999999999,9,0.9306083806701242
Bookcases,East,2014,3,1164.508,5,0.6552286815259558
Bookcases,East,2014,4,8631.0,37,6.41171378814057
Bookcases,East,2015,1,736.37,9,-0.9146831189896883
Bookcases,East,2015,2,835.39,11,0.13447044284802478
Bookcases,East,2015,3,10327.828,26,11.362882007206215
Bookcases,East,2015,4,7753.851999999999,35,-0.24922723345121556
Bookcases,East,2016,1,952.1690000000001,12,-0.8772005191742117
Bookcases,East,2016,2,879.056,9,-0.07678573866614025
Bookcases,East,2016,3,2685.618,27,2.0551159425565606
Bookcases,East,2016,4,1447.3780000000002,11,-0.4610633381218028
Bookcases,East,2017,1,940.3119999999999,5,-0.35033419051553927
Bookcases,East,2017,2,1397.916,17,0.48665123916317143
Bookcases,East,2017,3,1001.1300000000001,8,-0.2838410891641556
Bookcases,East,2017,4,3998.864,22,2.994350384066005
Bookcases,South,2014,3,794.2760000000001,13,
Bookcases,South,2015,2,523.26,9,-0.3412113673332696
Bookcases,South,2015,3,293.88,7,-0.4383671597293888
Bookcases,South,2015,4,421.456,5,0.43410916020144286
Bookcases,South,2016,1,691.116,6,0.639829543297521
Bookcases,South,2016,2,1621.7599999999998,12,1.3465814711278568
Bookcases,South,2016,3,504.9,5,-0.6886715666929755
Bookcases,South,2016,4,891.448,9,0.7655931867696575
Bookcases,South,2017,1,591.89,8,-0.3360353043587512
Bookcases,South,2017,2,3392.776,33,4.732105627734883
Bookcases,South,2017,3,448.68,6,-0.8677543109241518
Bookcases,South,2017,4,723.92,5,0.613443879825265
Bookcases,West,2014,1,2210.131,22,
Bookcases,West,2014,2,599.165,5,-0.7289006850725138
Bookcases,West,2014,3,1923.672,12,2.2105880683951837
Bookcases,West,2014,4,1811.945,18,-0.05808006770384977
Bookcases,West,2015,1,141.96,2,-0.9216532510644638
Bookcases,West,2015,2,1916.8174999999999,12,12.502518315018314
Bookcases,West,2015,3,4179.556,35,1.1804663198243963
Bookcases,West,2015,4,3115.481,33,-0.25459043975005946
Bookcases,West,2016,1,120.874,2,-0.9612021386103783
Bookcases,West,2016,2,1652.995,15,12.675356155997154
Bookcases,West,2016,3,2619.3345,16,0.5845991669666273
Bookcases,West,2016,4,3823.878,15,0.4598662370155473
Bookcases,West,2017,1,288.963,3,-0.9244319510193578
Bookcases,West,2017,2,4770.621499999999,48,15.509454497634643
Bookcases,West,2017,3,3095.907,16,-0.35104744738185567
Bookcases,West,2017,4,3732.823,52,0.2057284020482526
Chairs,Central,2014,1,1184.558,20,
Chairs,Central,2014,2,5573.075,37,3.704771737643914
Chairs,Central,2014,3,5781.8679999999995,34,0.03746459539841096
Chairs,Central,2014,4,8214.551,45,0.42074343447481
Chairs,Central,2015,1,1534.75,17,-0.8131669034619178
Chairs,Central,2015,2,4474.75,35,1.9156214367160773
Chairs,Central,2015,3,4651.799,47,0.03956623275043292
Chairs,Central,2015,4,7247.206,46,0.5579361876985658
Chairs,Central,2016,1,2768.8639999999996,28,-0.617940486306033
Chairs,Central,2016,2,7350.685,37,1.6547656367376664
Chairs,Central,2016,3,4906.674999999999,39,-0.33248738042781056
Chairs,Central,2016,4,8323.4,62,0.6963422276796407
Chairs,Central,2017,1,6088.924,34,-0.2684571208880986
Chairs,Central,2017,2,6920.633,39,0.13659375613819447
Chairs,Central,2017,3,3511.02,40,-0.49267357480161134
Chairs,Central,2017,4,6697.888,55,0.9076758320943772
Chairs,East,2014,1,366.786,7,
Chairs,East,2014,2,3687.517,21,9.053592558058376
Chairs,East,2014,3,9066.707,38,1.4587566647150374
Chairs,East,2014,4,8887.258,78,-0.019792081071992373
Chairs,East,2015,1,2024.667,21,-0.7721831638059793
Chairs,East,2015,2,4324.7519999999995,26,1.1360312584736154
Chairs,East,2015,3,4310.736,31,-0.003240879477019676
Chairs,East,2015,4,9349.117,78,1.1687983212147532
Chairs,East,2016,1,1624.182,18,-0.8262742887911233
Chairs,East,2016,2,3717.076,26,1.2885834223011954
Chairs,East,2016,3,4970.061,34,0.33708888384310676
Chairs,East,2016,4,12699.164,97,1.5551324219159488
Chairs,East,2017,1,2474.157,16,-0.8051716632685427
Chairs,East,2017,2,3788.026,36,0.531037036049046
Chairs,East,2017,3,16717.259,75,3.413184861983524
Chairs,East,2017,4,8253.218,74,-0.5063055492530204
Chairs,South,2014,1,6671.484,32,
Chairs,South,2014,2,783.896,7,-0.8825005051349895
Chairs,South,2014,3,568.12,15,-0.27526100401073605
Chairs,South,2014,4,5048.78,48,7.886819685981834
Chairs,South,2015,1,1718.1840000000002,15,-0.6596833294380028
Chairs,South,2015,2,3123.892,22,0.8181358923142106
Chairs,South,2015,3,3335.38,18,0.06770016377006649
Chairs,South,2015,4,1939.28,23,-0.41857299618034527
Chairs,South,2016,1,866.4,4,-0.553236252629842
Chairs,South,2016,2,1219.288,19,0.4073037857802402
Chairs,South,2016,3,2729.268,19,1.23841126952779
Chairs,South,2016,4,1516.1660000000002,10,-0.4444788859137321
Chairs,South,2017,1,615.9200000000001,6,-0.5937647988412877
Chairs,South,2017,2,5119.448,24,7.311871671645667
Chairs,South,2017,3,3206.728,24,-0.3736184057343682
Chairs,South,2017,4,6714.2119999999995,45,1.0937890585044943
Chairs,West,2014,1,1868.472,16,
Chairs,West,2014,2,3297.288,25,0.7646975710634145
Chairs,West,2014,3,7387.6720000000005,49,1.2405297929692525
Chairs,West,2014,4,8853.544,68,0.19842137008789762
Chairs,West,2015,1,4169.312,18,-0.5290798803281489
Chairs,West,2015,2,1968.048,18,-0.5279681635723112
Chairs,West,2015,3,5974.584,37,2.0357918099558545
Chairs,West,2015,4,11588.072,76,0.9395613150639444
Chairs,West,2016,1,4089.2799999999997,29,-0.647112996881621
Chairs,West,2016,2,6692.2,46,0.6365228108615699
Chairs,West,2016,3,8950.072,63,0.33738860165565887
Chairs,West,2016,4,11495.864,83,0.28444374525702143
Chairs,West,2017,1,2146.496,11,-0.813281020025985
Chairs,West,2017,2,3903.208,44,0.8184091654491785
Chairs,West,2017,3,6865.424,57,0.7589183051479707
Chairs,West,2017,4,12531.792,94,0.8253485873560029
Copiers,Central,2014,2,719.976,3,
Copiers,Central,2014,3,549.99,1,-0.23609953665122174
Copiers,Central,2014,4,1999.96,5,2.636357024673176
Copiers,Central,2015,2,2039.948,6,0.019994399887997893
Copiers,Central,2015,3,2799.96,5,0.37256439870035907
Copiers,Central,2015,4,7969.858,15,1.8464185202645753
Copiers,Central,2016,4,17499.95,5,1.195766850551164
Copiers,Central,2017,1,3359.944,7,-0.8080026514361469
Copiers,Central,2017,3,319.984,2,-0.9047650794179903
Copiers,East,2014,2,1799.97,5,
Copiers,East,2014,3,559.992,1,-0.6888881481358022
Copiers,East,2014,4,1739.9640000000002,6,2.107122958899413
Copiers,East,2015,2,2799.944,7,0.6091965121117446
Copiers,East,2015,3,1359.968,4,-0.5142874286057149
Copiers,East,2015,4,799.984,2,-0.4117626297089343
Copiers,East,2016,2,9239.964,6,10.550186003720073
Copiers,East,2016,3,1439.976,4,-0.8441578343811729
Copiers,East,2016,4,9079.83,19,5.305542592376539
Copiers,East,2017,3,599.97,5,-0.9339227716818487
Copiers,East,2017,4,23799.9,12,38.66848342417121
Copiers,South,2014,2,479.984,2,
Copiers,South,2015,2,899.97,3,0.8750000000000002
Copiers,South,2016,1,959.968,4,0.06666666666666665
Copiers,South,2016,3,1599.92,8,0.6666388879629321
Copiers,South,2017,1,2999.95,5,0.875062503125156
Copiers,South,2017,4,2359.964,4,-0.2133322222037034
Copiers,West,2014,3,2999.946,6,
Copiers,West,2015,1,4269.914,9,0.4233302866118256
Copiers,West,2015,2,639.968,4,-0.8501215715351644
Copiers,West,2015,3,959.984,2,0.5000500025001251
Copiers,West,2015,4,1639.952,6,0.7083118051967532
Copiers,West,2016,2,1199.976,3,-0.26828590105076244
Copiers,West,2016,3,8579.826000000001,20,6.149997999959999
Copiers,West,2017,1,17959.877999999997,13,1.0932683250219752
Copiers,West,2017,2,3359.952,6,-0.8129189964430715
Copiers,West,2017,3,4059.9179999999997,10,0.208326190374148
Copiers,West,2017,4,4079.9280000000003,9,0.004928670973157745
Envelopes,Central,2014,1,341.84000000000003,8,
Envelopes,Central,2014,2,234.68,13,-0.3134799906388954
Envelopes,Central,2014,3,41.604000000000006,5,-0.8227202999829555
Envelopes,Central,2014,4,892.6419999999999,32,20.455677338717425
Envelopes,Central,2015,1,101.88,6,-0.8858668984878596
Envelopes,Central,2015,2,209.71200000000002,5,1.0584216725559483
Envelopes,Central,2015,3,114.574,8,-0.4536602578774701
Envelopes,Central,2015,4,444.692,31,2.8812645102728367
Envelopes,Central,2016,1,185.952,6,-0.5818409146105619
Envelopes,Central,2016,2,7.072,2,-0.9619686800894854
Envelopes,Central,2016,3,227.532,10,31.17364253393665
Envelopes,Central,2016,4,403.888,20,0.775082186241935
Envelopes,Central,2017,1,594.436,6,0.47178425702174875
Envelopes,Central,2017,2,209.36,7,-0.6478006042702662
Envelopes,Central,2017,3,276.616,23,0.3212457011845624
Envelopes,Central,2017,4,116.12,16,-0.5802122798391994
Envelopes,East,2014,1,11.36,2,
Envelopes,East,2014,2,314.13599999999997,17,26.65281690140845
Envelopes,East,2014,3,214.714,18,-0.31649349326406395
Envelopes,East,2014,4,807.412,34,2.7604068668088715
Envelopes,East,2015,1,93.73,9,-0.8839130456322175
Envelopes,East,2015,2,207.192,9,1.210519577509869
Envelopes,East,2015,3,276.026,21,0.3322232518630064
Envelopes,East,2015,4,299.892,32,0.08646286943983528
Envelopes,East,2016,1,425.756,24,0.41969775785949603
Envelopes,East,2016,2,168.376,19,-0.6045246573154577
Envelopes,East,2016,3,198.25600000000003,4,0.17745997054212026
Envelopes,East,2016,4,512.3620000000001,14,1.584345492696312
Envelopes,East,2017,1,115.866,14,-0.7738591074279514
Envelopes,East,2017,2,79.94,5,-0.3100650751730447
Envelopes,East,2017,3,60.664,13,-0.24113084813610208
Envelopes,East,2017,4,590.192,32,8.728867202953976
Envelopes,South,2014,1,85.64,8,
Envelopes,South,2014,3,78.75200000000001,9,-0.08042970574497887
Envelopes,South,2014,4,87.462,13,0.11060036570499787
Envelopes,South,2015,1,401.73799999999994,19,3.593286227161509
Envelopes,South,2015,2,216.85399999999998,8,-0.46021038587338015
Envelopes,South,2015,3,345.844,22,0.5948241674121759
Envelopes,South,2015,4,322.658,19,-0.06704178762679125
Envelopes,South,2016,1,293.32,10,-0.09092599594617212
Envelopes,South,2016,2,108.37,18,-0.6305400245465702
Envelopes,South,2016,3,140.714,12,0.2984589831134077
Envelopes,South,2016,4,353.338,13,1.5110365706326307
Envelopes,South,2017,1,82.75999999999999,8,-0.7657766784212284
Envelopes,South,2017,2,151.53,15,0.830956984050266
Envelopes,South,2017,3,42.104,10,-0.7221408301986405
Envelopes,South,2017,4,329.572,17,6.827569827094813
Envelopes,West,2014,1,108.72,5,
Envelopes,West,2014,2,169.29,5,0.5571192052980132
Envelopes,West,2014,3,115.638,14,-0.31692362218678005
Envelopes,West,2014,4,81.0,15,-0.2995382140818762
Envelopes,West,2015,2,208.03,5,1.5682716049382717
Envelopes,West,2015,3,322.336,7,0.5494688266115464
Envelopes,West,2015,4,825.0699999999999,34,1.5596582448128657
Envelopes,West,2016,1,30.56,4,-0.9629607184844923
Envelopes,West,2016,2,132.99,11,3.351767015706807
Envelopes,West,2016,3,605.4,18,3.5522219715768095
Envelopes,West,2016,4,374.852,24,-0.3808192930294021
Envelopes,West,2017,1,55.07,12,-0.8530886856679436
Envelopes,West,2017,2,137.56799999999998,22,1.498057018340294
Envelopes,West,2017,3,209.31599999999997,22,0.5215457083042567
Envelopes,West,2017,4,144.52,16,-0.3095606642588239
Fasteners,Central,2014,1,24.78,8,
Fasteners,Central,2014,2,32.864,13,0.32623083131557684
Fasteners,Central,2014,3,29.236,14,-0.11039435248296003
Fasteners,Central,2014,4,34.936,11,0.19496511150636198
Fasteners,Central,2015,1,31.778,16,-0.0903938630638883
Fasteners,Central,2015,2,21.84,6,-0.31273207879665177
Fasteners,Central,2015,3,26.464,12,0.21172161172161164
Fasteners,Central,2015,4,8.528,6,-0.677750906892382
Fasteners,Central,2016,1,9.28,5,0.0881801125703563
Fasteners,Central,2016,2,44.986,13,3.8476293103448276
Fasteners,Central,2016,3,80.298,30,0.7849553194327126
Fasteners,Central,2016,4,112.81,26,0.4048917781264789
Fasteners,Central,2017,1,43.908,11,-0.6107791862423544
Fasteners,Central,2017,2,32.784,10,-0.25334790926482653
Fasteners,Central,2017,3,110.344,22,2.365788189360664
Fasteners,Central,2017,4,133.19400000000002,24,0.20707967809758587
Fasteners,East,2014,1,10.464,6,
Fasteners,East,2014,2,30.992,13,1.9617737003058102
Fasteners,East,2014,3,45.775999999999996,16,0.4770263293753225
Fasteners,East,2014,4,9.68,6,-0.788535477105907
Fasteners,East,2015,2,40.04,23,3.1363636363636367
Fasteners,East,2015,3,79.64999999999999,18,0.9892607392607391
Fasteners,East,2015,4,70.724,25,-0.11206528562460749
Fasteners,East,2016,1,58.744,18,-0.1693908715570387
Fasteners,East,2016,2,20.823999999999998,10,-0.6455127332153071
Fasteners,East,2016,3,82.632,34,2.9681137149442955
Fasteners,East,2016,4,181.97,61,1.2021734921095941
Fasteners,East,2017,1,21.456,9,-0.8820904544705171
Fasteners,East,2017,2,40.5,13,0.8875838926174497
Fasteners,East,2017,3,19.18,8,-0.5264197530864198
Fasteners,East,2017,4,105.846,37,4.5185610010427535
Fasteners,South,2014,1,50.056,7,
Fasteners,South,2014,2,14.016,5,-0.7199936071599808
Fasteners,South,2014,3,71.99000000000001,21,4.136272831050229
Fasteners,South,2014,4,27.746,11,-0.6145853590776498
Fasteners,South,2015,1,31.56,4,0.1374612556764938
Fasteners,South,2015,3,7.24,5,-0.770595690747782
Fasteners,South,2015,4,86.608,17,10.96243093922652
Fasteners,South,2016,1,9.45,5,-0.8908876778126732
Fasteners,South,2016,2,30.0,6,2.174603174603175
Fasteners,South,2016,3,34.68,6,0.15599999999999992
Fasteners,South,2016,4,30.740000000000002,7,-0.11361014994232976
Fasteners,South,2017,1,9.43,5,-0.6932335718932987
Fasteners,South,2017,3,38.519999999999996,9,3.0848356309650047
Fasteners,South,2017,4,59.296,16,0.5393561786085153
Fasteners,West,2014,1,12.35,5,
Fasteners,West,2014,2,81.68,17,5.613765182186236
Fasteners,West,2014,3,58.694,21,-0.28141527913809994
Fasteners,West,2014,4,124.084,25,1.1140832112311307
Fasteners,West,2015,1,10.9,5,-0.912156281228845
Fasteners,West,2015,2,5.43,3,-0.5018348623853212
Fasteners,West,2015,3,21.832,7,3.020626151012892
Fasteners,West,2015,4,93.95,22,3.3033162330524
Fasteners,West,2016,1,10.65,3,-0.8866418307610431
Fasteners,West,2016,2,55.4,13,4.2018779342723
Fasteners,West,2016,3,50.5,16,-0.08844765342960281
Fasteners,West,2016,4,147.17,35,1.9142574257425742
Fasteners,West,2017,1,61.802,27,-0.5800638717129849
Fasteners,West,2017,2,26.894,10,-0.5648360894469435
Fasteners,West,2017,3,67.216,18,1.4992935227188218
Fasteners,West,2017,4,82.264,26,0.22387526779338263
Furnishings,Central,2014,1,473.43,24,
Furnishings,Central,2014,2,146.024,17,-0.691561582493716
Furnishings,Central,2014,3,1026.75,32,6.031378403550101
Furnishings,Central,2014,4,495.408,64,-0.5174989043097151
Furnishings,Central,2015,1,777.4399999999999,25,0.5692923812292088
Furnishings,Central,2015,2,376.65,36,-0.5155253138505865
Furnishings,Central,2015,3,107.816,24,-0.7137501659365458
Furnishings,Central,2015,4,1053.714,69,8.773261853528233
Furnishings,Central,2016,1,288.832,14,-0.725891465805712
Furnishings,Central,2016,2,1013.342,58,2.508413195213827
Furnishings,Central,2016,3,2585.686,84,1.5516419925355902
Furnishings,Central,2016,4,1197.4879999999998,100,-0.5368780277264913
Furnishings,Central,2017,1,432.67999999999995,30,-0.6386769637775076
Furnishings,Central,2017,2,1827.1100000000001,49,3.222774336692244
Furnishings,Central,2017,3,1326.406,35,-0.27404151912035957
Furnishings,Central,2017,4,1111.574,64,-0.16196549171219066
Furnishings,East,2014,1,145.364,13,
Furnishings,East,2014,2,431.25200000000007,23,1.966704273410198
Furnishings,East,2014,3,1316.664,59,2.0531197536475188
Furnishings,East,2014,4,1818.196,84,0.3809111512124581
Furnishings,East,2015,1,33.568,2,-0.9815377440055968
Furnishings,East,2015,2,1064.692,53,30.71746901811249
Furnishings,East,2015,3,1912.01,60,0.7958339125305722
Furnishings,East,2015,4,2005.292,53,0.04878740173953067
Furnishings,East,2016,1,2285.116,75,0.1395427698310272
Furnishings,East,2016,2,1424.27,61,-0.3767187311278727
Furnishings,East,2016,3,1093.264,44,-0.23240396834869803
Furnishings,East,2016,4,3330.364,89,2.0462578114709715
Furnishings,East,2017,1,492.67,25,-0.8520672214808952
Furnishings,East,2017,2,1636.524,59,2.3217447784521075
Furnishings,East,2017,3,1482.084,97,-0.09437075166633657
Furnishings,East,2017,4,5849.1939999999995,155,2.946600867427217
Furnishings,South,2014,1,447.804,31,
Furnishings,South,2014,2,623.73,13,0.39286384221668413
Furnishings,South,2014,3,986.182,36,0.5811040033347763
Furnishings,South,2014,4,1102.786,28,0.11823781005940082
Furnishings,South,2015,1,229.50799999999998,21,-0.7918834660577846
Furnishings,South,2015,2,2191.656,42,8.549366470885547
Furnishings,South,2015,3,575.698,42,-0.7373228280350566
Furnishings,South,2015,4,1785.566,53,2.1015671411052326
Furnishings,South,2016,1,1271.652,55,-0.28781574021906775
Furnishings,South,2016,2,381.336,36,-0.7001255060346698
Furnishings,South,2016,3,606.638,26,0.590822791449011
Furnishings,South,2016,4,3123.158,69,4.148305908960533
Furnishings,South,2017,1,123.72,9,-0.960386250071242
Furnishings,South,2017,2,919.896,54,6.4353055286129965
Furnishings,South,2017,3,178.662,27,-0.8057802186334106
Furnishings,South,2017,4,1733.144,60,8.700686211953297
Furnishings,West,2014,1,185.34,8,
Furnishings,West,2014,2,934.412,52,4.041610014028272
Furnishings,West,2014,3,1410.364,61,0.509359896919132
Furnishings,West,2014,4,1569.108,94,0.1125553403234909
Furnishings,West,2015,1,1871.6599999999999,50,0.1928178302577006
Furnishings,West,2015,2,2128.05,45,0.1369853499032947
Furnishings,West,2015,3,1157.02,53,-0.4563003688823102
Furnishings,West,2015,4,1710.708,119,0.47854661112167474
Furnishings,West,2016,1,242.68800000000002,23,-0.8581359296852531
Furnishings,West,2016,2,1801.108,50,6.421495912447257
Furnishings,West,2016,3,1438.128,79,-0.2015315017200523
Furnishings,West,2016,4,3141.114,123,1.1841685858282434
Furnishings,West,2017,1,1600.294,60,-0.49053297651724836
Furnishings,West,2017,2,1159.776,55,-0.27527316855527795
Furnishings,West,2017,3,3280.278,111,1.828372030461054
Furnishings,West,2017,4,2280.172,128,-0.3048845250311101
Labels,Central,2014,1,33.66,9,
Labels,Central,2014,2,629.2860000000001,26,17.695365418894834
Labels,Central,2014,3,123.75999999999999,11,-0.8033326659102539
Labels,Central,2014,4,261.76599999999996,11,1.1151098901098901
Labels,Central,2015,1,40.096,4,-0.8468250269324511
Labels,Central,2015,2,135.848,23,2.38806863527534
Labels,Central,2015,3,94.434,13,-0.30485542665331855
Labels,Central,2015,4,34.13,9,-0.63858356100557
Labels,Central,2016,2,39.652,9,0.1617931438617053
Labels,Central,2016,3,175.376,38,3.4228790477151216
Labels,Central,2016,4,296.222,42,0.6890680594836236
Labels,Central,2017,1,49.972,12,-0.8313021990264059
Labels,Central,2017,2,90.73599999999999,11,0.8157368126150641
Labels,Central,2017,3,311.354,45,2.4314274378416507
Labels,Central,2017,4,135.18,21,-0.5658318184446001
Labels,East,2014,1,45.192,6,
Labels,East,2014,2,17.892,7,-0.604089219330855
Labels,East,2014,3,199.128,39,10.129443326626424
Labels,East,2014,4,253.93,47,0.2752099152304046
Labels,East,2015,1,43.35,7,-0.8292836608514158
Labels,East,2015,2,241.344,34,4.567335640138408
Labels,East,2015,3,195.786,23,-0.18876789976133646
Labels,East,2015,4,35.782,11,-0.8172392305884997
Labels,East,2016,1,8.67,3,-0.7576994019339333
Labels,East,2016,2,307.686,42,34.48858131487889
Labels,East,2016,3,246.546,34,-0.19870907353600742
Labels,East,2016,4,216.254,33,-0.12286550988456513
Labels,East,2017,1,172.48,20,-0.20241937721383185
Labels,East,2017,2,189.25400000000002,25,0.09725185528756985
Labels,East,2017,3,218.454,50,0.1542900017965274
Labels,East,2017,4,211.186,39,-0.03327016213939782
Labels,South,2014,1,113.21000000000001,22,
Labels,South,2014,2,30.099999999999998,8,-0.7341224273474075
Labels,South,2014,3,202.61399999999998,21,5.7313621262458465
Labels,South,2014,4,55.118,13,-0.727965491032209
Labels,South,2015,1,511.01800000000003,11,8.2713451141188
Labels,South,2015,2,9.0,3,-0.9823880959183434
Labels,South,2015,3,357.022,17,38.66911111111111
Labels,South,2015,4,241.004,17,-0.3249603665880534
Labels,South,2016,1,17.91,7,-0.92568588073227
Labels,South,2016,2,80.814,10,3.512227805695142
Labels,South,2016,3,186.86599999999999,26,1.3122973742173385
Labels,South,2016,4,2.61,1,-0.986032772146886
Labels,South,2017,1,33.568,6,11.861302681992337
Labels,South,2017,2,196.484,28,4.853312678741659
Labels,South,2017,3,251.694,8,0.2809898006962397
Labels,South,2017,4,64.148,18,-0.7451349654739485
Labels,West,2014,1,63.15,8,
Labels,West,2014,2,66.88,12,0.059065716547901825
Labels,West,2014,3,92.2,19,0.3785885167464116
Labels,West,2014,4,653.5079999999999,67,6.087939262472884
Labels,West,2015,1,187.25,16,-0.7134694602055369
Labels,West,2015,2,37.294,11,-0.8008331108144192
Labels,West,2015,3,29.36,8,-0.2127419960315332
Labels,West,2015,4,763.744,56,25.013079019073572
Labels,West,2016,1,105.78999999999999,20,-0.8614850002094943
Labels,West,2016,2,144.14,31,0.3625106342754514
Labels,West,2016,3,217.554,35,0.5093242680727073
Labels,West,2016,4,781.15,32,2.590602792869816
Labels,West,2017,1,21.34,6,-0.9726813032068105
Labels,West,2017,2,283.75,43,12.296626054358013
Labels,West,2017,3,1162.636,57,3.0973955947136567
Labels,West,2017,4,468.98,59,-0.5966235347950691
Machines,Central,2014,1,574.91,2,
Machines,Central,2014,2,418.8,2,-0.27153815379798574
Machines,Central,2014,3,14299.602,21,33.14422636103152
Machines,Central,2014,4,998.85,5,-0.930148405529049
Machines,Central,2015,2,399.54,2,-0.6
Machines,Central,2015,4,1452.328,9,2.6350002502878307
Machines,Central,2016,1,287.91,3,-0.8017596575980082
Machines,Central,2016,2,1007.979,3,2.501021152443472
Machines,Central,2016,3,1362.9,3,0.35211150232296506
Machines,Central,2017,1,3620.941,7,1.6567914006897055
Machines,Central,2017,3,2373.624,9,-0.3444731631915572
Machines,East,2014,2,272.961,6,
Machines,East,2014,3,3269.4900000000002,9,10.97786496972095
Machines,East,2014,4,11093.934,8,2.3931695769064896
Machines,East,2015,1,1188.0,9,-0.8929144521681849
Machines,East,2015,2,1379.92,8,0.16154882154882166
Machines,East,2015,3,1094.9,10,-0.20654820569308363
Machines,East,2015,4,10763.822,20,8.830872225774042
Machines,East,2016,1,5349.030000000001,10,-0.5030547699506736
Machines,East,2016,2,14674.667,18,1.74342581739119
Machines,East,2016,3,341.991,3,-0.9766951440874263
Machines,East,2016,4,4850.25,20,13.182390764669247
Machines,East,2017,2,3483.16,11,-0.2818596979537138
Machines,East,2017,3,733.755,7,-0.7893421490830166
Machines,East,2017,4,7610.285,26,9.371697637494805
Machines,South,2014,1,23459.78,10,
Machines,South,2014,3,4134.945,8,-0.823743232033719
Machines,South,2015,3,3080.0,7,-0.2551291492389862
Machines,South,2015,4,32.985,3,-0.9892905844155844
Machines,South,2016,1,8749.95,5,264.2705775352433
Machines,South,2016,2,787.1750000000001,3,-0.9100366287807359
Machines,South,2016,3,661.475,5,-0.15968494934417388
Machines,South,2016,4,3040.0,8,3.5957897123851996
Machines,South,2017,1,695.7,2,-0.7711513157894736
Machines,South,2017,4,9248.949999999999,11,12.294451631450336
Machines,West,2014,1,1279.968,4,
Machines,West,2014,2,287.968,4,-0.775019375484387
Machines,West,2014,3,716.245,7,1.4872381653517057
Machines,West,2014,4,1215.92,10,0.6976313970778156
Machines,West,2015,1,1919.976,3,0.5790315152312653
Machines,West,2015,2,3045.2960000000003,10,0.58611149306033
Machines,West,2015,3,798.376,5,-0.7378330382333934
Machines,West,2015,4,2608.554,8,2.2673251700952934
Machines,West,2016,1,3357.6,3,0.28714989223914844
Machines,West,2016,2,7803.576,19,1.3241529664045748
Machines,West,2016,3,943.152,9,-0.8791384872781401
Machines,West,2016,4,2689.231,17,1.8513230105009586
Machines,West,2017,1,772.7040000000001,4,-0.7126673015445679
Machines,West,2017,2,8078.969000000001,13,9.455451246531661
Machines,West,2017,3,2901.4799999999996,9,-0.6408601147002793
Machines,West,2017,4,4025.107,22,0.3872599500944347
Paper,Central,2014,1,142.952,23,
Paper,Central,2014,2,365.112,50,1.554088085511221
Paper,Central,2014,3,446.76,57,0.22362453165056184
Paper,Central,2014,4,1354.24,95,2.031247202077178
Paper,Central,2015,1,302.872,30,-0.7763527882797732
Paper,Central,2015,2,645.688,56,1.131884096251882
Paper,Central,2015,3,349.456,35,-0.4587850478869051
Paper,Central,2015,4,2204.162,96,5.307409230346595
Paper,Central,2016,1,346.44,23,-0.8428246199689496
Paper,Central,2016,2,2441.648,101,6.047823576954163
Paper,Central,2016,3,1239.59,113,-0.49231420745332666
Paper,Central,2016,4,1081.426,85,-0.12759380117619534
Paper,Central,2017,1,1815.108,69,0.6784393939113726
Paper,Central,2017,2,844.594,71,-0.534686641235673
Paper,Central,2017,3,1463.502,112,0.7327875878824617
Paper,Central,2017,4,1908.592,129,0.30412667697071827
Paper,East,2014,1,625.396,51,
Paper,East,2014,2,673.082,34,0.07624928845083767
Paper,East,2014,3,1194.32,95,0.774404901631599
Paper,East,2014,4,1306.344,59,0.09379730725433721
Paper,East,2015,1,136.176,22,-0.8957579320607743
Paper,East,2015,2,702.7,64,4.160233815062861
Paper,East,2015,3,1061.408,62,0.5104710402732315
Paper,East,2015,4,1865.6879999999999,166,0.7577481986191927
Paper,East,2016,1,563.866,42,-0.6977704739484845
Paper,East,2016,2,1414.5339999999999,78,1.5086350303086191
Paper,East,2016,3,1021.02,79,-0.2781933838281724
Paper,East,2016,4,1675.542,96,0.6410471881060116
Paper,East,2017,1,961.82,65,-0.4259648519702878
Paper,East,2017,2,1282.336,74,0.3332390676010064
Paper,East,2017,3,2344.14,144,0.8280232326005039
Paper,East,2017,4,2411.536,157,0.02875084252647042
Paper,South,2014,1,417.746,26,
Paper,South,2014,2,811.6220000000001,57,0.9428600154160665
Paper,South,2014,3,542.768,47,-0.3312551902240206
Paper,South,2014,4,1347.46,70,1.4825708221560592
Paper,South,2015,1,585.034,35,-0.5658245884850015
Paper,South,2015,2,586.336,44,0.002225511679663006
Paper,South,2015,3,980.298,58,0.6719048463679529
Paper,South,2015,4,151.584,9,-0.84536946928383
Paper,South,2016,1,1298.644,41,7.567157483639434
Paper,South,2016,2,1000.354,65,-0.2296934340743113
Paper,South,2016,3,859.568,60,-0.14073617939249516
Paper,South,2016,4,714.324,59,-0.16897325167991362
Paper,South,2017,1,151.584,10,-0.7877937742537
Paper,South,2017,2,1092.0720000000001,62,6.204401519949336
Paper,South,2017,3,1828.594,79,0.674426228307291
Paper,South,2017,4,1560.51,95,-0.14660662782443779
Paper,West,2014,1,275.03200000000004,28,
Paper,West,2014,2,331.298,22,0.20457983071060815
Paper,West,2014,3,2000.506,102,5.038388399567761
Paper,West,2014,4,2528.506,144,0.26393322489410176
Paper,West,2015,1,1195.51,70,-0.5271872006631584
Paper,West,2015,2,486.28,48,-0.5932447240090004
Paper,West,2015,3,1562.414,98,2.212992514600642
Paper,West,2015,4,2050.406,149,0.3123320707571744
Paper,West,2016,1,464.844,30,-0.7732917285649769
Paper,West,2016,2,1405.376,98,2.023328256361274
Paper,West,2016,3,1441.804,111,0.025920465412814897
Paper,West,2016,4,2342.206,151,0.6244968109396285
Paper,West,2017,1,1772.02,84,-0.24343973160345422
Paper,West,2017,2,2215.748,114,0.2504080089389511
Paper,West,2017,3,2178.0099999999998,135,-0.01703172021367061
Paper,West,2017,4,2985.61,177,0.3707971956051628
Phones,Central,2014,1,251.944,7,
Phones,Central,2014,2,1068.72,10,3.2418950242911126
Phones,Central,2014,3,1406.9219999999998,23,0.3164551987424207
Phones,Central,2014,4,7198.166,58,4.1162509364413955
Phones,Central,2015,1,2297.42,26,-0.6808325898569163
Phones,Central,2015,2,4501.628000000001,40,0.9594275317530101
Phones,Central,2015,3,7020.528,50,0.5595531216706489
Phones,Central,2015,4,5544.346,62,-0.21026652126449763
Phones,Central,2016,1,3103.4840000000004,34,-0.44024344800991844
Phones,Central,2016,2,5190.904,49,0.6726053686759783
Phones,Central,2016,3,4560.524,68,-0.12143934852195304
Phones,Central,2016,4,7032.76,93,0.542094724202745
Phones,Central,2017,1,4105.974,31,-0.4161646352214493
Phones,Central,2017,2,3850.152,40,-0.06230482706417528
Phones,Central,2017,3,5845.19,49,0.5181712306423225
Phones,Central,2017,4,9409.84,71,0.6098433070610196
Phones,East,2014,1,140.13,7,
Phones,East,2014,2,4557.496,27,31.52334261043317
Phones,East,2014,3,3800.94,39,-0.16600255930010688
Phones,East,2014,4,12118.156,77,2.188199761111725
Phones,East,2015,1,3522.952,40,-0.709283161563525
Phones,East,2015,2,1978.87,35,-0.43829209140516256
Phones,East,2015,3,7945.214000000001,75,3.015025747017238
Phones,East,2015,4,9114.37,75,0.14715223529536137
Phones,East,2016,1,2686.156,38,-0.7052834150906755
Phones,East,2016,2,4495.252,50,0.6734888070536487
Phones,East,2016,3,4291.26,61,-0.04537943590259241
Phones,East,2016,4,9817.688,81,1.2878334102338238
Phones,East,2017,1,4234.104,70,-0.5687269752308283
Phones,East,2017,2,3113.5840000000003,41,-0.26464158650803093
Phones,East,2017,3,13442.474,87,3.317363527047929
Phones,East,2017,4,15254.438,164,0.13479393748501955
Phones,South,2014,1,7562.516,54,
Phones,South,2014,2,5191.536,42,-0.31351735321948404
Phones,South,2014,3,1334.254,9,-0.7429943662145462
Phones,South,2014,4,3160.658,28,1.3688578036865544
Phones,South,2015,1,79.96,5,-0.9747014703900264
Phones,South,2015,2,2676.114,24,32.468159079539774
Phones,South,2015,3,3862.6800000000003,33,0.44339142502897877
Phones,South,2015,4,1217.804,37,-0.6847256309091098
Phones,South,2016,1,3249.5840000000003,18,1.668396556424515
Phones,South,2016,2,2887.702,23,-0.11136256210025652
Phones,South,2016,3,2266.688,31,-0.2150547390277806
Phones,South,2016,4,3410.288,37,0.5045246632972866
Phones,South,2017,1,3967.0239999999994,29,0.1632519013056961
Phones,South,2017,2,6448.768,49,0.6255933919230137
Phones,South,2017,3,6397.642,51,-0.007928025942319561
Phones,South,2017,4,4549.836,50,-0.2888261018669065
Phones,West,2014,1,935.9119999999999,11,
Phones,West,2014,2,8453.416,77,8.03227653881989
Phones,West,2014,3,6973.056,68,-0.17511973857668894
Phones,West,2014,4,13165.056,135,0.887989426730547
Phones,West,2015,1,1990.296,13,-0.8488197847392369
Phones,West,2015,2,4277.872,61,1.149364717609843
Phones,West,2015,3,4017.2320000000004,38,-0.06092748918153701
Phones,West,2015,4,8254.592,81,1.0547959390943813
Phones,West,2016,1,6812.224,44,-0.1747352261626014
Phones,West,2016,2,5556.032,45,-0.18440262680733932
Phones,West,2016,3,7316.9039999999995,87,0.3169297801020583
Phones,West,2016,4,6240.24,53,-0.147147482049785
Phones,West,2017,1,5957.128,77,-0.04536876786790256
Phones,West,2017,2,3934.624,60,-0.33950991148754905
Phones,West,2017,3,8782.056,103,1.2319937051164231
Phones,West,2017,4,5921.808,103,-0.32569229802224
Storage,Central,2014,1,1057.024,20,
Storage,Central,2014,2,2523.8740000000003,47,1.387716835190119
Storage,Central,2014,3,2742.2999999999997,33,0.0865439399906649
Storage,Central,2014,4,4646.636,83,0.6944302228056745
Storage,Central,2015,1,860.7359999999999,7,-0.814761474752918
Storage,Central,2015,2,498.336,12,-0.42103502119116654
Storage,Central,2015,3,2711.896,49,4.441902652025942
Storage,Central,2015,4,3636.898,57,0.34109051379551425
Storage,Central,2016,1,12.992,1,-0.9964277249458192
Storage,Central,2016,2,4543.936,57,348.74876847290636
Storage,Central,2016,3,5242.358,65,0.1537041894956268
Storage,Central,2016,4,3012.226,55,-0.4254062770989696
Storage,Central,2017,1,1494.864,38,-0.5037344475480923
Storage,Central,2017,2,3724.978,54,1.4918507636815121
Storage,Central,2017,3,2654.8740000000003,47,-0.28727793828580994
Storage,Central,2017,4,5418.368,81,1.0409134294132225
Storage,East,2014,1,109.63199999999999,12,
Storage,East,2014,2,2446.114,24,21.31204392877992
Storage,East,2014,3,5866.16,38,1.3981547875528286
Storage,East,2014,4,7785.356,69,0.3271639368854582
Storage,East,2015,1,2484.32,33,-0.6808983429916371
Storage,East,2015,2,1762.704,41,-0.29046821665485933
Storage,East,2015,3,7064.6539999999995,97,3.0078504388711886
Storage,East,2015,4,1855.9759999999999,45,-0.7372870631739361
Storage,East,2016,1,4045.0,41,1.179446285943353
Storage,East,2016,2,6063.054,87,0.4989008652657603
Storage,East,2016,3,4743.744,58,-0.2175982598868491
Storage,East,2016,4,5961.452,95,0.25669766328031196
Storage,East,2017,1,1282.9859999999999,24,-0.7847863238687488
Storage,East,2017,2,7367.338,54,4.742337016927698
Storage,East,2017,3,3867.904,82,-0.4749930029000977
Storage,East,2017,4,7157.086,89,0.8503783961546099
Storage,South,2014,1,1602.6080000000002,24,
Storage,South,2014,2,2770.54,34,0.7287696055429647
Storage,South,2014,3,412.254,9,-0.8512008489319771
Storage,South,2014,4,1929.604,36,3.680619229892251
Storage,South,2015,1,371.798,19,-0.8073190146786595
Storage,South,2015,2,2655.636,14,6.142685006374429
Storage,South,2015,3,2346.3540000000003,30,-0.11646249711933399
Storage,South,2015,4,2088.014,29,-0.1101027381205053
Storage,South,2016,1,2500.366,26,0.19748526590338944
Storage,South,2016,2,1911.738,32,-0.2354167349899975
Storage,South,2016,3,2016.72,28,0.05491442865078788
Storage,South,2016,4,4257.132,52,1.1109187195049386
Storage,South,2017,1,740.908,11,-0.8259607641952376
Storage,South,2017,2,2871.7380000000003,20,2.875971105724328
Storage,South,2017,3,1792.626,41,-0.375769655866935
Storage,South,2017,4,5320.16,79,1.9678025421922922
Storage,West,2014,1,4772.098,32,
Storage,West,2014,2,501.9,13,-0.8948261330760601
Storage,West,2014,3,4282.52,96,7.5326160589758935
Storage,West,2014,4,6597.97,95,0.5406746495054313
Storage,West,2015,1,1360.644,11,-0.7937783894137136
Storage,West,2015,2,2675.7340000000004,35,0.9665202654037355
Storage,West,2015,3,4805.0380000000005,66,0.7957831383837106
Storage,West,2015,4,5448.4039999999995,79,0.13389405036963264
Storage,West,2016,1,1340.796,26,-0.753910319425652
Storage,West,2016,2,1203.9859999999999,29,-0.10203640225657007
Storage,West,2016,3,2444.47,50,1.0303143059803022
Storage,West,2016,4,7220.492,83,1.9538067556566459
Storage,West,2017,1,5149.512,78,-0.28681979011956527
Storage,West,2017,2,3649.43,67,-0.29130566158502014
Storage,West,2017,3,5829.5380000000005,99,0.5973831529855349
Storage,West,2017,4,9286.708,127,0.593043565373448
Supplies,Central,2014,3,357.93,3,
Supplies,Central,2014,4,60.288000000000004,14,-0.8315648311122287
Supplies,Central,2015,2,22.368,2,-0.6289808917197452
Supplies,Central,2015,3,176.43,19,6.88760729613734
Supplies,Central,2015,4,125.64800000000001,16,-0.2878308677662529
Supplies,Central,2016,1,3930.072,3,30.2784286260028
Supplies,Central,2016,3,267.14,11,-0.9320266906051594
Supplies,Central,2016,4,42.528000000000006,5,-0.8408025754286141
Supplies,Central,2017,1,4202.706,13,97.82209367945823
Supplies,Central,2017,2,57.288000000000004,7,-0.9863687823987688
Supplies,Central,2017,3,66.346,10,0.1581133919843598
Supplies,Central,2017,4,81.22,13,0.22418834594399062
Supplies,East,2014,1,18.62,2,
Supplies,East,2014,2,32.484,5,0.7445757250268528
Supplies,East,2014,3,111.484,12,2.4319665065878584
Supplies,East,2014,4,305.284,8,1.73836604355782
Supplies,East,2015,2,357.93,3,0.1724492603608443
Supplies,East,2015,3,669.7360000000001,3,0.8711368144609284
Supplies,East,2015,4,49.440000000000005,11,-0.9261798678882426
Supplies,East,2016,1,25.71,3,-0.47997572815533984
Supplies,East,2016,2,1861.8739999999998,41,71.41828082458187
Supplies,East,2016,3,107.002,17,-0.9425299456354189
Supplies,East,2016,4,84.832,15,-0.20719238892730985
Supplies,East,2017,1,372.59999999999997,6,3.3922104866088265
Supplies,East,2017,2,494.07,23,0.3260064412238326
Supplies,East,2017,3,4971.688,18,9.06271985751007
Supplies,East,2017,4,1109.822,13,-0.7767715914594802
Supplies,South,2014,2,4201.354,11,
Supplies,South,2014,3,38.684,8,-0.9907924921346785
Supplies,South,2014,4,7.27,1,-0.8120670044462827
Supplies,South,2016,3,113.732,13,14.644016506189821
Supplies,South,2016,4,1273.068,23,10.19357788485211
Supplies,South,2017,2,506.32800000000003,8,-0.6022773331825165
Supplies,South,2017,3,240.552,5,-0.5249087547992606
Supplies,South,2017,4,1703.6239999999998,5,6.082144401210549
Supplies,West,2014,1,238.62,2,
Supplies,West,2014,2,48.4,8,-0.7971670438353868
Supplies,West,2014,3,8257.97,17,169.61921487603306
Supplies,West,2014,4,666.082,33,-0.9193407096417158
Supplies,West,2015,1,33.36,4,-0.9499160763990019
Supplies,West,2015,2,53.78,5,0.6121103117505995
Supplies,West,2015,3,155.85,14,1.89791744142804
Supplies,West,2015,4,55.46,10,-0.6441450112287456
Supplies,West,2016,1,4937.9400000000005,6,88.03606202668591
Supplies,West,2016,2,507.276,13,-0.8972697116611381
Supplies,West,2016,3,114.0,19,-0.7752702670735457
Supplies,West,2016,4,794.694,32,5.971
Supplies,West,2017,1,1480.8760000000002,13,0.8634543610496623
Supplies,West,2017,2,319.70000000000005,9,-0.7841142675011277
Supplies,West,2017,3,113.008,18,-0.6465186111979981
Supplies,West,2017,4,128.302,17,0.1353355514653829
Tables,Central,2014,1,2452.0699999999997,10,
Tables,Central,2014,2,1869.998,15,-0.23737984641547738
Tables,Central,2014,3,1737.625,14,-0.07078777624361099
Tables,Central,2014,4,1725.7849999999999,14,-0.0068138982806993376
Tables,Central,2015,1,102.438,1,-0.9406426640630206
Tables,Central,2015,2,1861.783,15,17.174730080634138
Tables,Central,2015,3,1644.716,11,-0.116590923861696
Tables,Central,2015,4,3248.3230000000003,24,0.975005411268572
Tables,Central,2016,1,4356.942999999999,26,0.3412899517689585
Tables,Central,2016,2,870.1650000000001,8,-0.8002808391112759
Tables,Central,2016,3,1350.24,12,0.5517057109858474
Tables,Central,2016,4,7345.5779999999995,28,4.440201741912548
Tables,Central,2017,1,2608.153,15,-0.6449356333837855
Tables,Central,2017,2,873.724,7,-0.6650027816619654
Tables,Central,2017,3,1700.335,22,0.9460779376553694
Tables,Central,2017,4,5407.095,40,2.1800174671461803
Tables,East,2014,1,3595.818,15,
Tables,East,2014,2,2212.944,12,-0.3845784185962694
Tables,East,2014,3,1864.3919999999998,19,-0.1575060191310761
Tables,East,2014,4,2930.5499999999997,18,0.5718529150521994
Tables,East,2015,1,1512.0240000000001,11,-0.48404770435583755
Tables,East,2015,3,2810.598,29,0.858831605847526
Tables,East,2015,4,4562.184,27,0.6232075878514112
Tables,East,2016,1,2126.548,17,-0.5338750037262856
Tables,East,2016,2,1093.504,9,-0.4857844732401996
Tables,East,2016,3,1510.975,16,0.38177363777361584
Tables,East,2016,4,3094.301,18,1.0478836512847667
Tables,East,2017,1,610.734,8,-0.8026261827792448
Tables,East,2017,2,2851.218,17,3.6685103498413376
Tables,East,2017,3,3065.881,18,0.07528817508868135
Tables,East,2017,4,5298.136,37,0.7280957741021261
Tables,South,2014,1,1256.22,6,
Tables,South,2014,2,2743.2,16,1.183693938959736
Tables,South,2014,3,1376.9985000000001,6,-0.4980320428696412
Tables,South,2014,4,4564.526,22,2.314837307375425
Tables,South,2015,1,4297.644,13,-0.058468721615344
Tables,South,2015,2,191.5155,1,-0.9554370953015187
Tables,South,2015,3,1246.52,5,5.508716004709801
Tables,South,2015,4,1634.995,10,0.31164762699355
Tables,South,2016,1,189.882,3,-0.8838638650271101
Tables,South,2016,2,2990.04,17,14.746832243182608
Tables,South,2016,3,5501.2685,25,0.8398645168626506
Tables,South,2016,4,3817.121,34,-0.30613802980167215
Tables,South,2017,1,292.1,2,-0.9234763582291471
Tables,South,2017,2,2773.4365,16,8.494818555289283
Tables,South,2017,3,872.94,3,-0.6852496893294654
Tables,South,2017,4,10167.785,48,10.647747840630512
Tables,West,2014,1,959.352,6,
Tables,West,2014,2,3990.1659999999997,34,3.159230397184766
Tables,West,2014,3,4636.741,25,0.1620421305780262
Tables,West,2014,4,8171.98,38,0.7624404727372092
Tables,West,2015,1,4388.714,14,-0.4629558564754196
Tables,West,2015,2,1322.3120000000001,8,-0.6987017153544295
Tables,West,2015,3,3803.157,24,1.8761419392700058
Tables,West,2015,4,6523.5,42,0.7152854851903299
Tables,West,2016,1,557.728,4,-0.9145047903732659
Tables,West,2016,2,8046.512000000001,40,13.427305066268865
Tables,West,2016,3,6797.275,32,-0.1552519899305439
Tables,West,2016,4,11185.12,57,0.6455300101879065
Tables,West,2017,1,2776.3940000000002,30,-0.7517778977784771
Tables,West,2017,2,1915.922,14,-0.30992431189521374
Tables,West,2017,3,6757.9980000000005,35,2.527282425902516
Tables,West,2017,4,12921.690999999999,78,0.9120590151106878
